<?xml version="1.0" encoding="UTF-8"?>
<beans xmlns="http://www.springframework.org/schema/beans"
    xmlns:context="http://www.springframework.org/schema/context"
    xmlns:mvc="http://www.springframework.org/schema/mvc"
    xmlns:xsi="http://www.w3.org/2001/XMLSchema-instance"
    xmlns:webflow="http://www.springframework.org/schema/webflow-config"
    
    xsi:schemaLocation="
         http://www.springframework.org/schema/beans
         http://www.springframework.org/schema/beans/spring-beans-4.0.xsd
         http://www.springframework.org/schema/context
         http://www.springframework.org/schema/context/spring-context-4.0.xsd
         http://www.springframework.org/schema/webflow-config
        http://www.springframework.org/schema/webflow-config/spring-webflow-config-2.0.xsd
         http://www.springframework.org/schema/mvc
         http://www.springframework.org/schema/mvc/spring-mvc.xsd">
        

<bean id="multipartResolver" class="org.springframework.web.multipart.commons.CommonsMultipartResolver">
		<property name="maxUploadSize" value="1000000" />
	</bean>

<context:component-scan base-package="com.niit"></context:component-scan>

<!-- Configuration defining views files -->

<mvc:annotation-driven />
<mvc:resources location="/resource/" mapping="/resource/**"/>

<bean id="viewResolver" class="org.springframework.web.servlet.view.InternalResourceViewResolver">
        <property name="prefix">
            <value>/WEB-INF/views/</value>
        </property>
        <property name="suffix">
            <value>.jsp</value>
        </property>
</bean>
 <!--  Webflow Configuration 
        <webflow:flow-executor id="flowExecutor"></webflow:flow-executor>
        
        <webflow:flow-registry id="flowRegistry">
            <webflow:flow-location-pattern value="/WEB-INF/*-flow.xml"/>
        </webflow:flow-registry>
        
        <bean id="flowMappings" class="org.springframework.webflow.mvc.servlet.FlowHandlerMapping">
            <property name="order" value="0"/>
            <property name="flowRegistry" ref="flowRegistry"/>
        </bean>
        
        <bean class="org.springframework.webflow.mvc.servlet.FlowHandlerAdapter">
            <property name="flowExecutor" ref="flowExecutor"/>
        </bean> -->
</beans>