<!--<?xml version="1.0" encoding="UTF-8"?>
<flow xmlns="http://www.springframework.org/schema/webflow"
      xmlns:xsi="http://www.w3.org/2001/XMLSchema-instance"
      xsi:schemaLocation="http://www.springframework.org/schema/webflow
                          http://www.springframework.org/schema/webflow/spring-webflow-2.0.xsd">
                          
                          
        <start-state id="welcome"></start-state>  
    
        <view-state id="welcome" view="/purchase.jsp">
            <transition on="continue" to="captcha"/>
            <transition on="cancel" to="cancelled"/>
        </view-state>
        
        <view-state id="captcha" view="/captcha.jsp">
            <transition on="continue" to="finish"/>
            <transition on="cancel" to="cancelled"/>
        </view-state>
        
        <end-state id="cancelled" view="/index.jsp"/>
        
        <end-state id="finish" view="/final.jsp"/>
    

</flow>-->