<?xml version="1.0" encoding="UTF-8"?>
<beans:beans xmlns="http://www.springframework.org/schema/security"
	xmlns:beans="http://www.springframework.org/schema/beans" xmlns:xsi="http://www.w3.org/2001/XMLSchema-instance"
	xsi:schemaLocation="http://www.springframework.org/schema/security http://www.springframework.org/schema/security/spring-security.xsd
			http://www.springframework.org/schema/beans http://www.springframework.org/schema/beans/spring-beans.xsd">

	<http authentication-manager-ref="jdbc-auth">	
		<intercept-url pattern="/admin**" access="hasRole('admin')" />
		<intercept-url pattern="/user**" access="hasRole('user')" />
		
		
		<form-login login-page="/login" authentication-failure-url="/" default-target-url="/validate"
			username-parameter="user_id" password-parameter="user_pwd" />
			
		<logout invalidate-session="true" logout-success-url="/logout"
			logout-url="/j_spring_security_logout" />
		<session-management invalid-session-url="/login">
			<concurrency-control max-sessions="1"
				expired-url="/" />
		</session-management>
	</http>

	<!-- <authentication-manager id="in-memory-auth">
		<authentication-provider>
			<user-service>
				<user name="pankaj" password="pankaj123" authorities="Admin" />
			</user-service>
		</authentication-provider>
	</authentication-manager> -->

	<authentication-manager id="jdbc-auth">
		<authentication-provider>
			<jdbc-user-service data-source-ref="dataSource"
				users-by-username-query="select user_id,user_pwd from user where user_id = ?"
				authorities-by-username-query="select user_role from user where  user_id= ?" />
		</authentication-provider>
	</authentication-manager>

	
	<beans:bean id="dataSource"
		class="org.springframework.jdbc.datasource.DriverManagerDataSource">

		<beans:property name="DriverClassName" value="org.h2.Driver" />
		<beans:property name="Url" value="jdbc:h2:tcp://localhost/~/bookcartfi" />
		<beans:property name="Username" value="sa" />
		<beans:property name="Password" value="" />
	</beans:bean>

</beans:beans>